year,run_name,max_round_distance,max_relative_spread,use_bid_ask,test_method,forward_source,delta_filter,verified_settlement_flags,number_of_dates,call_pairs_tested,call_violations,call_violation_rate,put_pairs_tested,put_violations,put_violation_rate
2000,rounded_bid_ask_robust,50.0,,true,rounded,optionmetrics,true,true,252,95844,5,0.000052168106506406246,133324,0,0.0
2000,rounded_mid,50.0,,false,rounded,optionmetrics,true,true,252,95844,331,0.0034535286507240935,133324,166,0.001245087156100927
2000,two_strike_bid_ask_robust,50.0,,true,two_strike,optionmetrics,true,true,252,33003,10,0.00030300275732509166,63654,8,0.00012567945455116726
2000,two_strike_mid,50.0,,false,two_strike,optionmetrics,true,true,252,33003,451,0.013665424355361633,63654,575,0.009033210795865146
2001,rounded_bid_ask_robust,50.0,,true,rounded,optionmetrics,true,true,248,115115,1,8.686965208704338e-6,198100,0,0.0
2001,rounded_mid,50.0,,false,rounded,optionmetrics,true,true,248,115115,237,0.0020588107544629282,198100,95,0.0004795557799091368
2001,two_strike_bid_ask_robust,50.0,,true,two_strike,optionmetrics,true,true,248,45116,3,0.00006649525667169076,96186,8,0.00008317218722059343
2001,two_strike_mid,50.0,,false,two_strike,optionmetrics,true,true,248,45116,533,0.011813990602003725,96186,633,0.006580999313829455
2002,rounded_bid_ask_robust,50.0,,true,rounded,optionmetrics,true,true,252,165130,0,0.0,251157,0,0.0
2002,rounded_mid,50.0,,false,rounded,optionmetrics,true,true,252,165130,370,0.002240658874825895,251157,72,0.00028667327607830956
2002,two_strike_bid_ask_robust,50.0,,true,two_strike,optionmetrics,true,true,252,62031,0,0.0,127126,0,0.0
2002,two_strike_mid,50.0,,false,two_strike,optionmetrics,true,true,252,62031,599,0.009656462091534878,127126,256,0.0020137501376587008
2003,rounded_bid_ask_robust,50.0,,true,rounded,optionmetrics,true,true,252,179117,0,0.0,261116,0,0.0
2003,rounded_mid,50.0,,false,rounded,optionmetrics,true,true,252,179117,145,0.00080952673392252,261116,454,0.0017386908500436587
2003,two_strike_bid_ask_robust,50.0,,true,two_strike,optionmetrics,true,true,252,68935,0,0.0,123067,0,0.0
2003,two_strike_mid,50.0,,false,two_strike,optionmetrics,true,true,252,68935,271,0.003931239573511279,123067,784,0.006370513622660827
2004,rounded_bid_ask_robust,50.0,,true,rounded,optionmetrics,true,true,252,193125,1,5.17799352750809e-6,302514,0,0.0
2004,rounded_mid,50.0,,false,rounded,optionmetrics,true,true,252,193125,1242,0.006431067961165049,302514,2142,0.0070806640353834865
2004,two_strike_bid_ask_robust,50.0,,true,two_strike,optionmetrics,true,true,252,64645,9,0.0001392219042462681,130480,3,0.00002299202942979767
2004,two_strike_mid,50.0,,false,two_strike,optionmetrics,true,true,252,64645,1093,0.016907726815685666,130480,2424,0.01857755977927652
2005,rounded_bid_ask_robust,50.0,,true,rounded,optionmetrics,true,true,252,213937,14,0.00006543982574309259,323850,5,0.00001543924656476764
2005,rounded_mid,50.0,,false,rounded,optionmetrics,true,true,252,213937,1774,0.008292160776303304,323850,5555,0.017153002933456847
2005,two_strike_bid_ask_robust,50.0,,true,two_strike,optionmetrics,true,true,252,79093,37,0.0004678037247291164,132166,25,0.00018915606131682884
2005,two_strike_mid,50.0,,false,two_strike,optionmetrics,true,true,252,79093,2288,0.028927970869735628,132166,6129,0.04637349999243376
2006,rounded_bid_ask_robust,50.0,,true,rounded,optionmetrics,true,true,251,287647,33,0.00011472394984129853,505277,15,0.000029686686708478716
2006,rounded_mid,50.0,,false,rounded,optionmetrics,true,true,251,287647,3613,0.012560534265957927,505277,9895,0.019583317665359794
2006,two_strike_bid_ask_robust,50.0,,true,two_strike,optionmetrics,true,true,251,107125,139,0.0012975495915985998,215045,34,0.00015810644283754564
2006,two_strike_mid,50.0,,false,two_strike,optionmetrics,true,true,251,107125,4039,0.03770361726954492,215045,10115,0.04703666674416983
2007,rounded_bid_ask_robust,50.0,,true,rounded,optionmetrics,true,true,251,371222,12,0.000032325670353588956,802516,1,1.246081075019065e-6
2007,rounded_mid,50.0,,false,rounded,optionmetrics,true,true,251,371222,2762,0.007440291793051059,802516,7204,0.008976768064437344
2007,two_strike_bid_ask_robust,50.0,,true,two_strike,optionmetrics,true,true,251,130614,28,0.0002143721193746459,313139,2,6.38693998511843e-6
2007,two_strike_mid,50.0,,false,two_strike,optionmetrics,true,true,251,130614,2260,0.017302892492382135,313139,6380,0.02037433855252779
2008,rounded_bid_ask_robust,50.0,,true,rounded,optionmetrics,true,true,253,859804,18,0.000020935003791561796,1331022,0,0.0
2008,rounded_mid,50.0,,false,rounded,optionmetrics,true,true,253,859804,19153,0.02227600708998795,1331022,3618,0.002718212020537602
2008,two_strike_bid_ask_robust,50.0,,true,two_strike,optionmetrics,true,true,253,298149,19,0.0000637265259987456,500280,3,5.996641880546893e-6
2008,two_strike_mid,50.0,,false,two_strike,optionmetrics,true,true,253,298149,9343,0.03133668065296211,500280,4863,0.009720556488366516
2009,rounded_bid_ask_robust,50.0,,true,rounded,optionmetrics,true,true,252,858665,2,2.329197067540892e-6,1424775,2,1.403730413574073e-6
2009,rounded_mid,50.0,,false,rounded,optionmetrics,true,true,252,858665,8477,0.009872301770772071,1424775,11800,0.008282009440087031
2009,two_strike_bid_ask_robust,50.0,,true,two_strike,optionmetrics,true,true,252,314861,7,0.000022232032547695648,535626,11,0.000020536717784424208
2009,two_strike_mid,50.0,,false,two_strike,optionmetrics,true,true,252,314861,6959,0.022101816357059146,535626,16351,0.030526897499374563
2010,rounded_bid_ask_robust,50.0,,true,rounded,optionmetrics,true,true,252,867965,1,1.152120189178135e-6,1715138,11,6.413478099138378e-6
2010,rounded_mid,50.0,,false,rounded,optionmetrics,true,true,252,867965,8622,0.00993358027109388,1715138,9254,0.00539548421176605
2010,two_strike_bid_ask_robust,50.0,,true,two_strike,optionmetrics,true,true,252,322981,61,0.00018886559890519877,661344,27,0.00004082595442009
2010,two_strike_mid,50.0,,false,two_strike,optionmetrics,true,true,252,322981,9512,0.0294506487997746,661344,15099,0.022830780955145884
2011,rounded_bid_ask_robust,50.0,,true,rounded,optionmetrics,true,true,252,1194290,8,6.698540555476476e-6,2361902,6,2.5403255511871364e-6
2011,rounded_mid,50.0,,false,rounded,optionmetrics,true,true,252,1194290,10015,0.008385735457887114,2361902,16127,0.006827971693999158
2011,two_strike_bid_ask_robust,50.0,,true,two_strike,optionmetrics,true,true,252,485936,28,0.00005762075664285009,1010558,18,0.00001781194152141688
2011,two_strike_mid,50.0,,false,two_strike,optionmetrics,true,true,252,485936,10540,0.021690099107701425,1010558,23590,0.023343538916123566
2012,rounded_bid_ask_robust,50.0,,true,rounded,optionmetrics,true,true,250,1782304,6,3.3664290715837478e-6,3108929,118,0.000037955192929783855
2012,rounded_mid,50.0,,false,rounded,optionmetrics,true,true,250,1782304,20466,0.011482889563172163,3108929,37536,0.012073611201799719
2012,two_strike_bid_ask_robust,50.0,,true,two_strike,optionmetrics,true,true,250,797360,145,0.00018185010534764725,1456269,338,0.00023209997603464743
2012,two_strike_mid,50.0,,false,two_strike,optionmetrics,true,true,250,797360,31121,0.039030049162235375,1456269,61029,0.041907779400646446
2013,rounded_bid_ask_robust,50.0,,true,rounded,optionmetrics,true,true,252,3379978,197,0.00005828440303457596,5886251,733,0.00012452747937524242
2013,rounded_mid,50.0,,false,rounded,optionmetrics,true,true,252,3379978,27503,0.00813703521147179,5886251,121872,0.020704519735906608
2013,two_strike_bid_ask_robust,50.0,,true,two_strike,optionmetrics,true,true,252,1558219,752,0.000482602252956741,2865863,2584,0.0009016481248405803
2013,two_strike_mid,50.0,,false,two_strike,optionmetrics,true,true,252,1558219,51836,0.03326618402162982,2865863,216285,0.07546941357629447
2014,rounded_bid_ask_robust,50.0,,true,rounded,optionmetrics,true,true,252,5758224,1980,0.00034385602227353433,13697114,1256,0.00009169814896773145
2014,rounded_mid,50.0,,false,rounded,optionmetrics,true,true,252,5758224,79545,0.013814155197852672,13697114,335539,0.024497058285416914
2014,two_strike_bid_ask_robust,50.0,,true,two_strike,optionmetrics,true,true,252,2644304,4121,0.0015584441123259656,6707721,3027,0.00045127100545774043
2014,two_strike_mid,50.0,,false,two_strike,optionmetrics,true,true,252,2644304,137320,0.05193048908143693,6707721,564365,0.08413662404861502
2015,rounded_bid_ask_robust,50.0,,true,rounded,optionmetrics,true,true,252,11773967,945,0.00008026181829794494,28990191,204,7.036862916839699e-6
2015,rounded_mid,50.0,,false,rounded,optionmetrics,true,true,252,11773967,222235,0.018875116602586027,28990191,190296,0.006564151302073174
2015,two_strike_bid_ask_robust,50.0,,true,two_strike,optionmetrics,true,true,252,5517408,2639,0.00047830430520998265,14961206,425,0.00002840680089559625
2015,two_strike_mid,50.0,,false,two_strike,optionmetrics,true,true,252,5517408,356011,0.06452504509363817,14961206,423475,0.0283048706100297
2016,rounded_bid_ask_robust,50.0,,true,rounded,optionmetrics,true,true,252,19899396,15429,0.0007753501664070608,44372579,3880,0.00008744139032351489
2016,rounded_mid,50.0,,false,rounded,optionmetrics,true,true,252,19899396,294597,0.01480431868384347,44372579,332245,0.007487619775267063
2016,two_strike_bid_ask_robust,50.0,,true,two_strike,optionmetrics,true,true,252,10187148,32098,0.0031508327944190073,24904777,7633,0.00030648738593403184
2016,two_strike_mid,50.0,,false,two_strike,optionmetrics,true,true,252,10187148,567397,0.055697335505482004,24904777,869897,0.034928921467556204
2017,rounded_bid_ask_robust,50.0,,true,rounded,optionmetrics,true,true,251,34999361,16152,0.0004614941398501533,80081419,12027,0.00015018465144829663
2017,rounded_mid,50.0,,false,rounded,optionmetrics,true,true,251,34999361,404752,0.011564553992857184,80081419,1105605,0.013806011604264904
2017,two_strike_bid_ask_robust,50.0,,true,two_strike,optionmetrics,true,true,251,18865465,35661,0.001890279407372148,47602084,28704,0.0006029988098840379
2017,two_strike_mid,50.0,,false,two_strike,optionmetrics,true,true,251,18865465,1021624,0.054153131131408634,47602084,3187801,0.06696767729748974
2018,rounded_bid_ask_robust,50.0,,true,rounded,optionmetrics,true,true,251,61218457,1169,0.000019095548259244755,164147875,30986,0.00018876881592283786
2018,rounded_mid,50.0,,false,rounded,optionmetrics,true,true,251,61218457,180181,0.0029432463480744053,164147875,1342383,0.00817788838265497
2018,two_strike_bid_ask_robust,50.0,,true,two_strike,optionmetrics,true,true,251,30175395,6103,0.0002022508736008261,87592255,47791,0.000545607599667345
2018,two_strike_mid,50.0,,false,two_strike,optionmetrics,true,true,251,30175395,746895,0.02475178866755514,87592255,3156463,0.03603586869638189
2019,rounded_bid_ask_robust,50.0,,true,rounded,optionmetrics,true,true,252,61847010,391,6.322051785526899e-6,146501247,50538,0.0003449663469417431
2019,rounded_mid,50.0,,false,rounded,optionmetrics,true,true,252,61847010,34307,0.0005547074951561927,146501247,473396,0.0032313445086238754
2019,two_strike_bid_ask_robust,50.0,,true,two_strike,optionmetrics,true,true,252,29810355,2787,0.0000934910033778531,76023067,49582,0.000652196786535855
2019,two_strike_mid,50.0,,false,two_strike,optionmetrics,true,true,252,29810355,267463,0.008972150784517663,76023067,1348614,0.017739536869776643
2020,rounded_bid_ask_robust,50.0,,true,rounded,optionmetrics,true,true,253,145130572,834,5.746549390021008e-6,264995428,118690,0.00044789451990092445
2020,rounded_mid,50.0,,false,rounded,optionmetrics,true,true,253,145130572,301900,0.0020801957564116815,264995428,819813,0.003093687337126435
2020,two_strike_bid_ask_robust,50.0,,true,two_strike,optionmetrics,true,true,253,63542753,2118,0.00003333188916130215,124894905,101622,0.0008136600928596727
2020,two_strike_mid,50.0,,false,two_strike,optionmetrics,true,true,253,63542753,604035,0.009505962072496292,124894905,1725707,0.013817273010456271
2021,rounded_bid_ask_robust,50.0,,true,rounded,optionmetrics,true,true,252,139581527,326,2.335552612202043e-6,325838938,232130,0.000712407183207797
2021,rounded_mid,50.0,,false,rounded,optionmetrics,true,true,252,139581527,55074,0.0003945651060258139,325838938,2225488,0.006830024716076137
2021,two_strike_bid_ask_robust,50.0,,true,two_strike,optionmetrics,true,true,252,66941272,1915,0.000028607164799617192,164070090,276624,0.0016860111431644853
2021,two_strike_mid,50.0,,false,two_strike,optionmetrics,true,true,252,66941272,452265,0.0067561458945686005,164070090,3879750,0.02364690602656462
2022,rounded_bid_ask_robust,50.0,,true,rounded,optionmetrics,true,true,251,246573419,61,2.47390818715946e-7,467312131,121681,0.00026038485185397425
2022,rounded_mid,50.0,,false,rounded,optionmetrics,true,true,251,246573419,25200,0.00010220079724003015,467312131,938848,0.0020090383658369015
2022,two_strike_bid_ask_robust,50.0,,true,two_strike,optionmetrics,true,true,251,111117210,276,2.483863660723663e-6,239815111,134375,0.0005603274932912797
2022,two_strike_mid,50.0,,false,two_strike,optionmetrics,true,true,251,111117210,308629,0.002777508542556099,239815111,2355041,0.009820236056767916
2023,rounded_bid_ask_robust,50.0,,true,rounded,optionmetrics,true,true,250,245441777,10810,0.00004404303184294498,486113590,2445524,0.005030766574536622
2023,rounded_mid,50.0,,false,rounded,optionmetrics,true,true,250,245441777,37428,0.0001524923770414195,486113590,8479337,0.017443118592919814
2023,two_strike_bid_ask_robust,50.0,,true,two_strike,optionmetrics,true,true,250,112621902,13679,0.0001214595008349264,264056372,1975108,0.007479872517524402
2023,two_strike_mid,50.0,,false,two_strike,optionmetrics,true,true,250,112621902,333170,0.0029583055700835173,264056372,9621346,0.03643671208207011
2024,rounded_bid_ask_robust,50.0,,true,rounded,optionmetrics,true,true,252,259357615,11576,0.00004463335306349112,572289493,4460105,0.007793442050839819
2024,rounded_mid,50.0,,false,rounded,optionmetrics,true,true,252,259357615,121662,0.00046908975470028133,572289493,15997356,0.02795325826469437
2024,two_strike_bid_ask_robust,50.0,,true,two_strike,optionmetrics,true,true,252,112967709,23835,0.00021098949612229455,289810945,2805095,0.009679051286348071
2024,two_strike_mid,50.0,,false,two_strike,optionmetrics,true,true,252,112967709,639124,0.005657581318215456,289810945,14303745,0.04935543410894989
2025,rounded_bid_ask_robust,50.0,,true,rounded,optionmetrics,true,true,165,242721764,1857,7.650735432196347e-6,511566242,726297,0.0014197516184033113
2025,rounded_mid,50.0,,false,rounded,optionmetrics,true,true,165,242721764,78417,0.00032307362433308615,511566242,4293789,0.008393417406146983
2025,two_strike_bid_ask_robust,50.0,,true,two_strike,optionmetrics,true,true,165,102826081,4682,0.000045533195026658654,255308677,595579,0.002332780095836696
2025,two_strike_mid,50.0,,false,two_strike,optionmetrics,true,true,165,102826081,378236,0.0036784052870788685,255308677,5846463,0.022899585978427204
